Deutschkreutz;<10801>;AT111
Draßmarkt;<10802>;AT111
Frankenau-Unterpullendorf;<10803>;AT111
Großwarasdorf;<10804>;AT111
Horitschon;<10805>;AT111
Kaisersdorf;<10806>;AT111
Kobersdorf;<10807>;AT111
Lackenbach;<10808>;AT111
Lackendorf;<10824>;AT111
Lockenhaus;<10809>;AT111
Lutzmannsburg;<10810>;AT111
Mannersdorf an der Rabnitz;<10811>;AT111
Markt Sankt Martin;<10812>;AT111
Neckenmarkt;<10813>;AT111
Neutal;<10814>;AT111
Nikitsch;<10815>;AT111
Oberloisdorf;<10828>;AT111
Oberpullendorf;<10816>;AT111
Pilgersdorf;<10817>;AT111
Piringsdorf;<10818>;AT111
Raiding;<10819>;AT111
Ritzing;<10820>;AT111
Steinberg-Dörfl;<10821>;AT111
Stoob;<10822>;AT111
Unterfrauenhaid;<10825>;AT111
Unterrabnitz-Schwendgraben;<10826>;AT111
Weingraben;<10827>;AT111
Weppersdorf;<10823>;AT111
Eisenstadt;<10101>;AT112
Rust;<10201>;AT112
Breitenbrunn;<10301>;AT112
Donnerskirchen;<10302>;AT112
Großhöflein;<10303>;AT112
Hornstein;<10304>;AT112
Klingenbach;<10305>;AT112
Leithaprodersdorf;<10306>;AT112
Loretto;<10320>;AT112
Mörbisch am See;<10307>;AT112
Müllendorf;<10308>;AT112
Neufeld an der Leitha;<10309>;AT112
Oggau am Neusiedler See;<10310>;AT112
Oslip;<10311>;AT112
Purbach am Neusiedler See;<10312>;AT112
Sankt Margarethen im Burgenland;<10313>;AT112
Schützen am Gebirge;<10314>;AT112
Siegendorf;<10315>;AT112
Steinbrunn;<10316>;AT112
Stotzing;<10321>;AT112
Trausdorf an der Wulka;<10317>;AT112
Wimpassing an der Leitha;<10318>;AT112
Wulkaprodersdorf;<10319>;AT112
Zagersdorf;<10323>;AT112
Zillingtal;<10322>;AT112
Antau;<10616>;AT112
Bad Sauerbrunn;<10611>;AT112
Baumgarten;<10617>;AT112
Draßburg;<10601>;AT112
Forchtenstein;<10602>;AT112
Hirm;<10603>;AT112
Krensdorf;<10619>;AT112
Loipersbach im Burgenland;<10604>;AT112
Marz;<10605>;AT112
Mattersburg;<10606>;AT112
Neudörfl;<10607>;AT112
Pöttelsdorf;<10608>;AT112
Pöttsching;<10609>;AT112
Rohrbach bei Mattersburg;<10610>;AT112
Schattendorf;<10612>;AT112
Sieggraben;<10613>;AT112
Sigleß;<10614>;AT112
Wiesen;<10615>;AT112
Zemendorf-Stöttera;<10618>;AT112
Andau;<10701>;AT112
Apetlon;<10702>;AT112
Bruckneudorf;<10703>;AT112
Deutsch Jahrndorf;<10704>;AT112
Edelstal;<10727>;AT112
Frauenkirchen;<10705>;AT112
Gattendorf;<10706>;AT112
Gols;<10707>;AT112
Halbturn;<10708>;AT112
Illmitz;<10709>;AT112
Jois;<10710>;AT112
Kittsee;<10711>;AT112
Mönchhof;<10712>;AT112
Neudorf;<10725>;AT112
Neusiedl am See;<10713>;AT112
Nickelsdorf;<10714>;AT112
Pama;<10715>;AT112
Pamhagen;<10716>;AT112
Parndorf;<10717>;AT112
Podersdorf am See;<10718>;AT112
Potzneusiedl;<10726>;AT112
Sankt Andrä am Zicksee;<10719>;AT112
Tadten;<10720>;AT112
Wallern im Burgenland;<10721>;AT112
Weiden am See;<10722>;AT112
Winden am See;<10723>;AT112
Zurndorf;<10724>;AT112
Bildein;<10426>;AT113
Bocksdorf;<10401>;AT113
Burgauberg-Neudauberg;<10402>;AT113
Eberau;<10403>;AT113
Gerersdorf-Sulz;<10404>;AT113
Großmürbisch;<10420>;AT113
Güssing;<10405>;AT113
Güttenbach;<10406>;AT113
Hackerberg;<10418>;AT113
Heiligenbrunn;<10407>;AT113
Heugraben;<10424>;AT113
Inzenhof;<10421>;AT113
Kleinmürbisch;<10422>;AT113
Kukmirn;<10408>;AT113
Moschendorf;<10428>;AT113
Neuberg im Burgenland;<10409>;AT113
Neustift bei Güssing;<10410>;AT113
Olbendorf;<10411>;AT113
Ollersdorf im Burgenland;<10412>;AT113
Rauchwart;<10427>;AT113
Rohr im Burgenland;<10425>;AT113
Sankt Michael im Burgenland;<10413>;AT113
Stegersbach;<10414>;AT113
Stinatz;<10415>;AT113
Strem;<10416>;AT113
Tobaj;<10417>;AT113
Tschanigraben;<10423>;AT113
Wörterberg;<10419>;AT113
Deutsch Kaltenbrunn;<10501>;AT113
Eltendorf;<10502>;AT113
Heiligenkreuz im Lafnitztal;<10503>;AT113
Jennersdorf;<10504>;AT113
Königsdorf;<10511>;AT113
Minihof-Liebau;<10505>;AT113
Mogersdorf;<10506>;AT113
Mühlgraben;<10512>;AT113
Neuhaus am Klausenbach;<10507>;AT113
Rudersdorf;<10508>;AT113
Sankt Martin an der Raab;<10509>;AT113
Weichselbaum;<10510>;AT113
Bad Tatzmannsdorf;<10901>;AT113
Badersdorf;<10931>;AT113
Bernstein;<10902>;AT113
Deutsch Schützen-Eisenberg;<10903>;AT113
Grafenschachen;<10904>;AT113
Großpetersdorf;<10905>;AT113
Hannersdorf;<10906>;AT113
Jabing;<10930>;AT113
Kemeten;<10907>;AT113
Kohfidisch;<10908>;AT113
Litzelsdorf;<10909>;AT113
Loipersdorf-Kitzladen;<10910>;AT113
Mariasdorf;<10911>;AT113
Markt Allhau;<10912>;AT113
Markt Neuhodis;<10913>;AT113
Mischendorf;<10914>;AT113
Neustift an der Lafnitz;<10929>;AT113
Oberdorf im Burgenland;<10915>;AT113
Oberschützen;<10916>;AT113
Oberwart;<10917>;AT113
Pinkafeld;<10918>;AT113
Rechnitz;<10919>;AT113
Riedlingsdorf;<10920>;AT113
Rotenturm an der Pinka;<10921>;AT113
Schachendorf;<10922>;AT113
Schandorf;<10932>;AT113
Stadtschlaining;<10923>;AT113
Unterkohlstätten;<10924>;AT113
Unterwart;<10925>;AT113
Weiden bei Rechnitz;<10926>;AT113
Wiesfleck;<10927>;AT113
Wolfau;<10928>;AT113
Waidhofen an der Ybbs;<30301>;AT121
Allhartsberg;<30501>;AT121
Amstetten;<30502>;AT121
Ardagger;<30503>;AT121
Aschbach-Markt;<30504>;AT121
Behamberg;<30506>;AT121
Biberbach;<30507>;AT121
Ennsdorf;<30508>;AT121
Ernsthofen;<30509>;AT121
Ertl;<30510>;AT121
Euratsfeld;<30511>;AT121
Ferschnitz;<30512>;AT121
Haag;<30514>;AT121
Haidershofen;<30515>;AT121
Hollenstein an der Ybbs;<30516>;AT121
Kematen an der Ybbs;<30517>;AT121
Neuhofen an der Ybbs;<30520>;AT121
Neustadtl an der Donau;<30521>;AT121
Oed-Oehling;<30522>;AT121
Opponitz;<30524>;AT121
St. Georgen am Reith;<30526>;AT121
St. Georgen am Ybbsfelde;<30527>;AT121
St. Pantaleon-Erla;<30529>;AT121
St. Peter in der Au;<30530>;AT121
St. Valentin;<30531>;AT121
Seitenstetten;<30532>;AT121
Sonntagberg;<30533>;AT121
Strengberg;<30534>;AT121
Viehdorf;<30536>;AT121
Wallsee-Sindelburg;<30538>;AT121
Weistrach;<30539>;AT121
Winklarn;<30541>;AT121
Wolfsbach;<30542>;AT121
Ybbsitz;<30543>;AT121
Zeillern;<30544>;AT121
Artstetten-Pöbring;<31502>;AT121
Bergland;<31503>;AT121
Bischofstetten;<31504>;AT121
Blindenmarkt;<31505>;AT121
Dorfstetten;<31506>;AT121
Dunkelsteinerwald;<31507>;AT121
Emmersdorf an der Donau;<31553>;AT121
Erlauf;<31508>;AT121
Golling an der Erlauf;<31509>;AT121
Hofamt Priel;<31511>;AT121
Hürm;<31513>;AT121
Kilb;<31514>;AT121
Kirnberg an der Mank;<31515>;AT121
Klein-Pöchlarn;<31516>;AT121
Krummnußbaum;<31517>;AT121
Leiben;<31519>;AT121
Loosdorf;<31520>;AT121
Mank;<31521>;AT121
Marbach an der Donau;<31522>;AT121
Maria Taferl;<31523>;AT121
Melk;<31524>;AT121
Münichreith-Laimbach;<31525>;AT121
Neumarkt an der Ybbs;<31527>;AT121
Nöchling;<31528>;AT121
Persenbeug-Gottsdorf;<31530>;AT121
Petzenkirchen;<31531>;AT121
Pöchlarn;<31533>;AT121
Pöggstall;<31534>;AT121
Raxendorf;<31535>;AT121
Ruprechtshofen;<31537>;AT121
St. Leonhard am Forst;<31539>;AT121
St. Martin-Karlsbach;<31540>;AT121
St. Oswald;<31541>;AT121
Schollach;<31543>;AT121
Schönbühel-Aggsbach;<31542>;AT121
Texingtal;<31551>;AT121
Weiten;<31546>;AT121
Ybbs an der Donau;<31549>;AT121
Yspertal;<31552>;AT121
Zelking-Matzleinsdorf;<31550>;AT121
Gaming;<32001>;AT121
Göstling an der Ybbs;<32002>;AT121
Gresten;<32003>;AT121
Gresten-Land;<32004>;AT121
Lunz am See;<32005>;AT121
Oberndorf an der Melk;<32006>;AT121
Puchenstuben;<32007>;AT121
Purgstall an der Erlauf;<32008>;AT121
Randegg;<32009>;AT121
Reinsberg;<32010>;AT121
St. Anton an der Jeßnitz;<32011>;AT121
St. Georgen an der Leys;<32012>;AT121
Scheibbs;<32013>;AT121
Steinakirchen am Forst;<32014>;AT121
Wang;<32015>;AT121
Wieselburg;<32016>;AT121
Wieselburg-Land;<32017>;AT121
Wolfpassing;<32018>;AT121
Wiener Neustadt;<30401>;AT122
Altenmarkt an der Triesting;<30602>;AT122
Berndorf;<30605>;AT122
Enzesfeld-Lindabrunn;<30608>;AT122
Furth an der Triesting;<30609>;AT122
Hernstein;<30614>;AT122
Hirtenberg;<30615>;AT122
Pottenstein;<30627>;AT122
Weissenbach an der Triesting;<30645>;AT122
Annaberg;<31401>;AT122
Eschenau;<31402>;AT122
Hainfeld;<31403>;AT122
Hohenberg;<31404>;AT122
Kaumberg;<31405>;AT122
Kleinzell;<31406>;AT122
Lilienfeld;<31407>;AT122
Mitterbach am Erlaufsee;<31408>;AT122
Ramsau;<31409>;AT122
Rohrbach an der Gölsen;<31410>;AT122
St. Aegyd am Neuwalde;<31411>;AT122
St. Veit an der Gölsen;<31412>;AT122
Traisen;<31413>;AT122
Türnitz;<31414>;AT122
Altendorf;<31801>;AT122
Aspangberg-St. Peter;<31803>;AT122
Aspang-Markt;<31802>;AT122
Breitenau;<31804>;AT122
Breitenstein;<31805>;AT122
Buchbach;<31806>;AT122
Bürg-Vöstenhof;<31842>;AT122
Edlitz;<31807>;AT122
Enzenreith;<31808>;AT122
Feistritz am Wechsel;<31809>;AT122
Gloggnitz;<31810>;AT122
Grafenbach-St. Valentin;<31811>;AT122
Grimmenstein;<31812>;AT122
Grünbach am Schneeberg;<31813>;AT122
Höflein an der Hohen Wand;<31849>;AT122
Kirchberg am Wechsel;<31814>;AT122
Mönichkirchen;<31815>;AT122
Natschbach-Loipersbach;<31817>;AT122
Neunkirchen;<31818>;AT122
Otterthal;<31820>;AT122
Payerbach;<31821>;AT122
Pitten;<31823>;AT122
Prigglitz;<31825>;AT122
Puchberg am Schneeberg;<31826>;AT122
Raach am Hochgebirge;<31827>;AT122
Reichenau an der Rax;<31829>;AT122
St. Corona am Wechsel;<31830>;AT122
St. Egyden am Steinfeld;<31831>;AT122
Scheiblingkirchen-Thernberg;<31832>;AT122
Schottwien;<31833>;AT122
Schrattenbach;<31834>;AT122
Schwarzau am Steinfeld;<31835>;AT122
Schwarzau im Gebirge;<31836>;AT122
Seebenstein;<31837>;AT122
Semmering;<31838>;AT122
Ternitz;<31839>;AT122
Thomasberg;<31840>;AT122
Trattenbach;<31841>;AT122
Warth;<31843>;AT122
Wartmannstetten;<31844>;AT122
Willendorf;<31845>;AT122
Wimpassing im Schwarzatale;<31846>;AT122
Würflach;<31847>;AT122
Zöbern;<31848>;AT122
Bad Erlach;<32306>;AT122
Bad Fischau-Brunn;<32301>;AT122
Bad Schönau;<32302>;AT122
Bromberg;<32325>;AT122
Ebenfurth;<32304>;AT122
Eggendorf;<32305>;AT122
Felixdorf;<32307>;AT122
Gutenstein;<32308>;AT122
Hochneukirchen-Gschaidt;<32309>;AT122
Hochwolkersdorf;<32310>;AT122
Hohe Wand;<32311>;AT122
Hollenthon;<32312>;AT122
Katzelsdorf;<32313>;AT122
Kirchschlag in der Buckligen Welt;<32314>;AT122
Krumbach;<32315>;AT122
Lanzenkirchen;<32316>;AT122
Lichtenegg;<32317>;AT122
Lichtenwörth;<32318>;AT122
Markt Piesting;<32319>;AT122
Matzendorf-Hölles;<32320>;AT122
Miesenbach;<32321>;AT122
Muggendorf;<32322>;AT122
Pernitz;<32323>;AT122
Rohr im Gebirge;<32324>;AT122
Schwarzenbach;<32326>;AT122
Sollenau;<32327>;AT122
Theresienfeld;<32330>;AT122
Waidmannsfeld;<32331>;AT122
Waldegg;<32332>;AT122
Walpersbach;<32333>;AT122
Weikersdorf am Steinfelde;<32334>;AT122
Wiesmath;<32335>;AT122
Winzendorf-Muthmannsdorf;<32336>;AT122
Wöllersdorf-Steinabrückl;<32337>;AT122
Zillingdorf;<32338>;AT122
St. Pölten;<30201>;AT123
Altlengbach;<31901>;AT123
Asperhofen;<31902>;AT123
Böheimkirchen;<31903>;AT123
Brand-Laaben;<31904>;AT123
Eichgraben;<31905>;AT123
Frankenfels;<31906>;AT123
Gerersdorf;<31907>;AT123
Hafnerbach;<31910>;AT123
Haunoldstein;<31911>;AT123
Herzogenburg;<31912>;AT123
Hofstetten-Grünau;<31909>;AT123
Inzersdorf-Getzersdorf;<31913>;AT123
Kapelln;<31915>;AT123
Karlstetten;<31916>;AT123
Kasten bei Böheimkirchen;<31917>;AT123
Kirchberg an der Pielach;<31918>;AT123
Kirchstetten;<31919>;AT123
Loich;<31920>;AT123
Maria Anzbach;<31921>;AT123
Markersdorf-Haindorf;<31922>;AT123
Michelbach;<31923>;AT123
Neidling;<31925>;AT123
Neulengbach;<31926>;AT123
Neustift-Innermanzing;<31927>;AT123
Nußdorf ob der Traisen;<31928>;AT123
Ober-Grafendorf;<31929>;AT123
Obritzberg-Rust;<31930>;AT123
Prinzersdorf;<31932>;AT123
Pyhra;<31934>;AT123
Rabenstein an der Pielach;<31935>;AT123
St. Margarethen an der Sierning;<31938>;AT123
Schwarzenbach an der Pielach;<31939>;AT123
Statzendorf;<31940>;AT123
Stössing;<31941>;AT123
Traismauer;<31943>;AT123
Weinburg;<31945>;AT123
Perschling;<31946>;AT123
Wilhelmsburg;<31947>;AT123
Wölbling;<31948>;AT123
Krems an der Donau;<30101>;AT124
Amaliendorf-Aalfang;<30902>;AT124
Bad Großpertholz;<30910>;AT124
Brand-Nagelberg;<30903>;AT124
Eggern;<30904>;AT124
Eisgarn;<30906>;AT124
Gmünd;<30908>;AT124
Großdietmanns;<30909>;AT124
Großschönau;<30912>;AT124
Haugschlag;<30915>;AT124
Heidenreichstein;<30916>;AT124
Hirschbach;<30917>;AT124
Hoheneich;<30920>;AT124
Kirchberg am Walde;<30921>;AT124
Litschau;<30925>;AT124
Moorbad Harbach;<30913>;AT124
Reingers;<30929>;AT124
St. Martin;<30932>;AT124
Schrems;<30935>;AT124
Unserfrau-Altweitra;<30939>;AT124
Waldenstein;<30940>;AT124
Weitra;<30942>;AT124
Altenburg;<31101>;AT124
Brunn an der Wild;<31102>;AT124
Burgschleinitz-Kühnring;<31103>;AT124
Drosendorf-Zissersdorf;<31104>;AT124
Eggenburg;<31105>;AT124
Gars am Kamp;<31106>;AT124
Geras;<31107>;AT124
Horn;<31109>;AT124
Irnfritz-Messern;<31110>;AT124
Japons;<31111>;AT124
Langau;<31113>;AT124
Meiseldorf;<31114>;AT124
Pernegg;<31117>;AT124
Röhrenbach;<31119>;AT124
Röschitz;<31120>;AT124
Rosenburg-Mold;<31121>;AT124
St. Bernhard-Frauenhofen;<31123>;AT124
Sigmundsherberg;<31124>;AT124
Straning-Grafenberg;<31130>;AT124
Weitersfeld;<31129>;AT124
Aggsbach;<31301>;AT124
Albrechtsberg an der Großen Krems;<31302>;AT124
Bergern im Dunkelsteinerwald;<31303>;AT124
Droß;<31356>;AT124
Dürnstein;<31304>;AT124
Furth bei Göttweig;<31309>;AT124
Gedersdorf;<31310>;AT124
Gföhl;<31311>;AT124
Grafenegg;<31308>;AT124
Hadersdorf-Kammern;<31315>;AT124
Jaidhof;<31319>;AT124
Krumau am Kamp;<31321>;AT124
Langenlois;<31322>;AT124
Lengenfeld;<31323>;AT124
Lichtenau im Waldviertel;<31324>;AT124
Maria Laach am Jauerling;<31326>;AT124
Mautern an der Donau;<31327>;AT124
Mühldorf;<31330>;AT124
Paudorf;<31333>;AT124
Rastenfeld;<31336>;AT124
Rohrendorf bei Krems;<31337>;AT124
Rossatz-Arnsdorf;<31338>;AT124
St. Leonhard am Hornerwald;<31340>;AT124
Schönberg am Kamp;<31355>;AT124
Senftenberg;<31343>;AT124
Spitz;<31344>;AT124
Straß im Straßertale;<31346>;AT124
Stratzing;<31347>;AT124
Weinzierl am Walde;<31350>;AT124
Weißenkirchen in der Wachau;<31351>;AT124
Dietmanns;<32202>;AT124
Dobersberg;<32203>;AT124
Gastern;<32206>;AT124
Groß-Siegharts;<32207>;AT124
Karlstein an der Thaya;<32209>;AT124
Kautzen;<32210>;AT124
Ludweis-Aigen;<32212>;AT124
Pfaffenschlag bei Waidhofen a.d.Thaya;<32214>;AT124
Raabs an der Thaya;<32216>;AT124
Thaya;<32217>;AT124
Vitis;<32219>;AT124
Waidhofen an der Thaya;<32220>;AT124
Waidhofen an der Thaya-Land;<32221>;AT124
Waldkirchen an der Thaya;<32222>;AT124
Windigsteig;<32223>;AT124
Allentsteig;<32501>;AT124
Altmelon;<32519>;AT124
Arbesbach;<32502>;AT124
Bärnkopf;<32503>;AT124
Echsenbach;<32504>;AT124
Göpfritz an der Wild;<32505>;AT124
Grafenschlag;<32506>;AT124
Groß Gerungs;<32508>;AT124
Großgöttfritz;<32509>;AT124
Gutenbrunn;<32511>;AT124
Kirchschlag;<32514>;AT124
Kottes-Purk;<32515>;AT124
Langschlag;<32516>;AT124
Martinsberg;<32517>;AT124
Ottenschlag;<32518>;AT124
Pölla;<32520>;AT124
Rappottenstein;<32521>;AT124
Sallingberg;<32522>;AT124
Schönbach;<32523>;AT124
Schwarzenau;<32524>;AT124
Schweiggers;<32525>;AT124
Traunstein;<32528>;AT124
Waldhausen;<32529>;AT124
Zwettl-Niederösterreich;<32530>;AT124
Drösing;<30810>;AT125
Dürnkrut;<30811>;AT125
Hauskirchen;<30826>;AT125
Hohenau an der March;<30827>;AT125
Jedenspeigen;<30829>;AT125
Neusiedl an der Zaya;<30841>;AT125
Palterndorf-Dobermannsdorf;<30845>;AT125
Ringelsdorf-Niederabsdorf;<30850>;AT125
Sulz im Weinviertel;<30857>;AT125
Zistersdorf;<30863>;AT125
Alberndorf im Pulkautal;<31001>;AT125
Göllersdorf;<31008>;AT125
Grabern;<31009>;AT125
Guntersdorf;<31014>;AT125
Hadres;<31015>;AT125
Hardegg;<31016>;AT125
Haugsdorf;<31018>;AT125
Heldenberg;<31019>;AT125
Hohenwarth-Mühlbach a.M.;<31021>;AT125
Hollabrunn;<31022>;AT125
Mailberg;<31025>;AT125
Maissau;<31026>;AT125
Nappersdorf-Kammersdorf;<31028>;AT125
Pernersdorf;<31033>;AT125
Pulkau;<31035>;AT125
Ravelsbach;<31036>;AT125
Retz;<31037>;AT125
Retzbach;<31038>;AT125
Schrattenthal;<31041>;AT125
Seefeld-Kadolz;<31042>;AT125
Sitzendorf an der Schmida;<31043>;AT125
Wullersdorf;<31051>;AT125
Zellerndorf;<31052>;AT125
Ziersdorf;<31053>;AT125
Altlichtenwarth;<31601>;AT125
Asparn an der Zaya;<31603>;AT125
Bernhardsthal;<31604>;AT125
Drasenhofen;<31606>;AT125
Falkenstein;<31608>;AT125
Fallbach;<31609>;AT125
Gaubitsch;<31611>;AT125
Gaweinstal;<31612>;AT125
Gnadendorf;<31613>;AT125
Großharras;<31616>;AT125
Großkrut;<31617>;AT125
Hausbrunn;<31620>;AT125
Herrnbaumgarten;<31621>;AT125
Laa an der Thaya;<31629>;AT125
Ladendorf;<31630>;AT125
Mistelbach;<31633>;AT125
Neudorf im Weinviertel;<31634>;AT125
Niederleis;<31636>;AT125
Ottenthal;<31658>;AT125
Poysdorf;<31644>;AT125
Rabensburg;<31645>;AT125
Schrattenberg;<31646>;AT125
Staatz;<31649>;AT125
Stronsdorf;<31650>;AT125
Unterstinkenbrunn;<31652>;AT125
Wildendürnbach;<31653>;AT125
Wilfersdorf;<31654>;AT125
Aderklaa;<30801>;AT126
Andlersdorf;<30802>;AT126
Angern an der March;<30803>;AT126
Auersthal;<30804>;AT126
Bad Pirawarth;<30805>;AT126
Deutsch-Wagram;<30808>;AT126
Ebenthal;<30812>;AT126
Eckartsau;<30813>;AT126
Engelhartstetten;<30814>;AT126
Gänserndorf;<30817>;AT126
Glinzendorf;<30819>;AT126
Groß-Enzersdorf;<30821>;AT126
Großhofen;<30822>;AT126
Groß-Schweinbarth;<30824>;AT126
Haringsee;<30825>;AT126
Hohenruppersdorf;<30828>;AT126
Lassee;<30830>;AT126
Leopoldsdorf im Marchfeld;<30831>;AT126
Mannsdorf an der Donau;<30834>;AT126
Marchegg;<30835>;AT126
Markgrafneusiedl;<30836>;AT126
Matzen-Raggendorf;<30838>;AT126
Obersiebenbrunn;<30842>;AT126
Orth an der Donau;<30844>;AT126
Parbasdorf;<30846>;AT126
Prottes;<30848>;AT126
Raasdorf;<30849>;AT126
Schönkirchen-Reyersdorf;<30852>;AT126
Spannberg;<30854>;AT126
Strasshof an der Nordbahn;<30856>;AT126
Untersiebenbrunn;<30858>;AT126
Velm-Götzendorf;<30859>;AT126
Weiden an der March;<30865>;AT126
Weikendorf;<30860>;AT126
Bisamberg;<31201>;AT126
Enzersfeld;<31202>;AT126
Ernstbrunn;<31203>;AT126
Gerasdorf bei Wien;<31235>;AT126
Großmugl;<31204>;AT126
Großrußbach;<31205>;AT126
Hagenbrunn;<31206>;AT126
Harmannsdorf;<31207>;AT126
Hausleiten;<31208>;AT126
Korneuburg;<31213>;AT126
Langenzersdorf;<31214>;AT126
Leitzersdorf;<31215>;AT126
Leobendorf;<31216>;AT126
Niederhollabrunn;<31234>;AT126
Rußbach;<31224>;AT126
Sierndorf;<31226>;AT126
Spillern;<31227>;AT126
Stetteldorf am Wagram;<31228>;AT126
Stetten;<31229>;AT126
Stockerau;<31230>;AT126
Bockfließ;<31605>;AT126
Großebersdorf;<31614>;AT126
Großengersdorf;<31615>;AT126
Hochleithen;<31622>;AT126
Kreuttal;<31627>;AT126
Kreuzstetten;<31628>;AT126
Pillichsdorf;<31642>;AT126
Ulrichskirchen-Schleinbach;<31651>;AT126
Wolkersdorf im Weinviertel;<31655>;AT126
Gablitz;<31949>;AT126
Mauerbach;<31950>;AT126
Pressbaum;<31951>;AT126
Purkersdorf;<31952>;AT126
Tullnerbach;<31953>;AT126
Wolfsgraben;<31954>;AT126
Absdorf;<32101>;AT126
Atzenbrugg;<32104>;AT126
Fels am Wagram;<32106>;AT126
Grafenwörth;<32107>;AT126
Großriedenthal;<32109>;AT126
Großweikersdorf;<32110>;AT126
Judenau-Baumgarten;<32112>;AT126
Kirchberg am Wagram;<32114>;AT126
Klosterneuburg;<32144>;AT126
Königsbrunn am Wagram;<32115>;AT126
Königstetten;<32116>;AT126
Langenrohr;<32119>;AT126
Michelhausen;<32120>;AT126
Muckendorf-Wipfing;<32143>;AT126
St. Andrä-Wördern;<32142>;AT126
Sieghartskirchen;<32131>;AT126
Sitzenberg-Reidling;<32132>;AT126
Tulbing;<32134>;AT126
Tulln an der Donau;<32135>;AT126
Würmla;<32139>;AT126
Zeiselmauer-Wolfpassing;<32140>;AT126
Zwentendorf an der Donau;<32141>;AT126
Alland;<30601>;AT127
Bad Vöslau;<30603>;AT127
Baden;<30604>;AT127
Blumau-Neurißhof;<30646>;AT127
Ebreichsdorf;<30607>;AT127
Günselsdorf;<30612>;AT127
Heiligenkreuz;<30613>;AT127
Klausen-Leopoldsdorf;<30616>;AT127
Kottingbrunn;<30618>;AT127
Leobersdorf;<30620>;AT127
Mitterndorf an der Fischa;<30621>;AT127
Oberwaltersdorf;<30623>;AT127
Pfaffstätten;<30625>;AT127
Pottendorf;<30626>;AT127
Reisenberg;<30629>;AT127
Schönau an der Triesting;<30631>;AT127
Seibersdorf;<30633>;AT127
Sooß;<30635>;AT127
Tattendorf;<30636>;AT127
Teesdorf;<30637>;AT127
Traiskirchen;<30639>;AT127
Trumau;<30641>;AT127
Au am Leithaberge;<30701>;AT127
Bad Deutsch-Altenburg;<30702>;AT127
Berg;<30703>;AT127
Bruck an der Leitha;<30704>;AT127
Ebergassing;<30729>;AT127
Enzersdorf an der Fischa;<30706>;AT127
Fischamend;<30730>;AT127
Göttlesbrunn-Arbesthal;<30708>;AT127
Götzendorf an der Leitha;<30709>;AT127
Gramatneusiedl;<30731>;AT127
Hainburg a.d. Donau;<30710>;AT127
Haslau-Maria Ellend;<30711>;AT127
Himberg;<30732>;AT127
Hof am Leithaberge;<30713>;AT127
Höflein;<30712>;AT127
Hundsheim;<30715>;AT127
Klein-Neusiedl;<30733>;AT127
Lanzendorf;<30734>;AT127
Leopoldsdorf;<30735>;AT127
Mannersdorf am Leithagebirge;<30716>;AT127
Maria-Lanzendorf;<30736>;AT127
Moosbrunn;<30737>;AT127
Petronell-Carnuntum;<30718>;AT127
Prellenkirchen;<30719>;AT127
Rauchenwarth;<30738>;AT127
Rohrau;<30721>;AT127
Scharndorf;<30722>;AT127
Schwadorf;<30739>;AT127
Schwechat;<30740>;AT127
Sommerein;<30724>;AT127
Trautmannsdorf an der Leitha;<30726>;AT127
Wolfsthal;<30728>;AT127
Zwölfaxing;<30741>;AT127
Achau;<31701>;AT127
Biedermannsdorf;<31702>;AT127
Breitenfurt bei Wien;<31703>;AT127
Brunn am Gebirge;<31704>;AT127
Gaaden;<31706>;AT127
Gießhübl;<31707>;AT127
Gumpoldskirchen;<31709>;AT127
Guntramsdorf;<31710>;AT127
Hennersdorf;<31711>;AT127
Hinterbrühl;<31712>;AT127
Kaltenleutgeben;<31713>;AT127
Laab im Walde;<31714>;AT127
Laxenburg;<31715>;AT127
Maria Enzersdorf;<31716>;AT127
Mödling;<31717>;AT127
Münchendorf;<31718>;AT127
Perchtoldsdorf;<31719>;AT127
Vösendorf;<31723>;AT127
Wiener Neudorf;<31725>;AT127
Wienerwald;<31726>;AT127
Wien 1.,Innere Stadt;<90101>;AT130
Wien 2.,Leopoldstadt;<90201>;AT130
Wien 3.,Landstraße;<90301>;AT130
Wien 4.,Wieden;<90401>;AT130
Wien 5.,Margareten;<90501>;AT130
Wien 6.,Mariahilf;<90601>;AT130
Wien 7.,Neubau;<90701>;AT130
Wien 8.,Josefstadt;<90801>;AT130
Wien 9.,Alsergrund;<90901>;AT130
Wien 10.,Favoriten;<91001>;AT130
Wien 11.,Simmering;<91101>;AT130
Wien 12.,Meidling;<91201>;AT130
Wien 13.,Hietzing;<91301>;AT130
Wien 14.,Penzing;<91401>;AT130
Wien 15.,Rudolfsheim-Fünfhaus;<91501>;AT130
Wien 16.,Ottakring;<91601>;AT130
Wien 17.,Hernals;<91701>;AT130
Wien 18.,Währing;<91801>;AT130
Wien 19.,Döbling;<91901>;AT130
Wien 20.,Brigittenau;<92001>;AT130
Wien 21.,Floridsdorf;<92101>;AT130
Wien 22.,Donaustadt;<92201>;AT130
Wien 23.,Liesing;<92301>;AT130
Klagenfurt am Wörther See;<20101>;AT211
Villach;<20201>;AT211
Ebenthal in Kärnten;<20402>;AT211
Feistritz im Rosental;<20403>;AT211
Ferlach;<20405>;AT211
Grafenstein;<20409>;AT211
Keutschach am See;<20412>;AT211
Köttmannsdorf;<20414>;AT211
Krumpendorf am Wörthersee;<20415>;AT211
Ludmannsdorf;<20416>;AT211
Magdalensberg;<20442>;AT211
Maria Rain;<20417>;AT211
Maria Saal;<20418>;AT211
Maria Wörth;<20419>;AT211
Moosburg;<20421>;AT211
Poggersdorf;<20425>;AT211
Pörtschach am Wörther See;<20424>;AT211
St. Margareten im Rosental;<20428>;AT211
Schiefling am See;<20432>;AT211
Techelsberg am Wörther See;<20435>;AT211
Zell;<20441>;AT211
Afritz am See;<20701>;AT211
Arnoldstein;<20702>;AT211
Arriach;<20703>;AT211
Bad Bleiberg;<20705>;AT211
Feistritz an der Gail;<20707>;AT211
Feld am See;<20708>;AT211
Ferndorf;<20710>;AT211
Finkenstein am Faaker See;<20711>;AT211
Fresach;<20712>;AT211
Hohenthurn;<20713>;AT211
Nötsch im Gailtal;<20719>;AT211
Paternion;<20720>;AT211
Rosegg;<20721>;AT211
St. Jakob im Rosental;<20722>;AT211
Stockenboi;<20723>;AT211
Treffen am Ossiacher See;<20724>;AT211
Velden am Wörther See;<20725>;AT211
Weißenstein;<20726>;AT211
Wernberg;<20727>;AT211
Dellach;<20302>;AT212
Gitschtal;<20320>;AT212
Hermagor-Pressegger See;<20305>;AT212
Kirchbach;<20306>;AT212
Kötschach-Mauthen;<20307>;AT212
Lesachtal;<20321>;AT212
St. Stefan im Gailtal;<20316>;AT212
Bad Kleinkirchheim;<20601>;AT212
Baldramsdorf;<20602>;AT212
Berg im Drautal;<20603>;AT212
Dellach im Drautal;<20604>;AT212
Flattach;<20607>;AT212
Gmünd in Kärnten;<20608>;AT212
Greifenburg;<20609>;AT212
Großkirchheim;<20605>;AT212
Heiligenblut am Großglockner;<20610>;AT212
Irschen;<20611>;AT212
Kleblach-Lind;<20613>;AT212
Krems in Kärnten;<20642>;AT212
Lendorf;<20616>;AT212
Lurnfeld;<20643>;AT212
Mallnitz;<20618>;AT212
Malta;<20619>;AT212
Millstatt am See;<20620>;AT212
Mörtschach;<20622>;AT212
Mühldorf;<20624>;AT212
Oberdrauburg;<20625>;AT212
Obervellach;<20627>;AT212
Radenthein;<20630>;AT212
Rangersdorf;<20631>;AT212
Reißeck;<20644>;AT212
Rennweg am Katschberg;<20632>;AT212
Sachsenburg;<20633>;AT212
Seeboden am Millstätter See;<20634>;AT212
Spittal an der Drau;<20635>;AT212
Stall;<20636>;AT212
Steinfeld;<20637>;AT212
Trebesing;<20638>;AT212
Weißensee;<20639>;AT212
Winklern;<20640>;AT212
Albeck;<21001>;AT212
Feldkirchen in Kärnten;<21002>;AT212
Glanegg;<21003>;AT212
Gnesau;<21004>;AT212
Himmelberg;<21005>;AT212
Ossiach;<21006>;AT212
Reichenau;<21007>;AT212
St. Urban;<21008>;AT212
Steindorf am Ossiacher See;<21009>;AT212
Steuerberg;<21010>;AT212
Althofen;<20501>;AT213
Brückl;<20502>;AT213
Deutsch-Griffen;<20503>;AT213
Eberstein;<20504>;AT213
Frauenstein;<20534>;AT213
Friesach;<20505>;AT213
Glödnitz;<20506>;AT213
Gurk;<20508>;AT213
Guttaring;<20509>;AT213
Hüttenberg;<20511>;AT213
Kappel am Krappfeld;<20512>;AT213
Klein St. Paul;<20513>;AT213
Liebenfels;<20515>;AT213
Metnitz;<20518>;AT213
Micheldorf;<20519>;AT213
Mölbling;<20520>;AT213
St. Georgen am Längsee;<20523>;AT213
St. Veit an der Glan;<20527>;AT213
Straßburg;<20530>;AT213
Weitensfeld im Gurktal;<20531>;AT213
Bleiburg;<20801>;AT213
Diex;<20802>;AT213
Eberndorf;<20803>;AT213
Eisenkappel-Vellach;<20804>;AT213
Feistritz ob Bleiburg;<20805>;AT213
Gallizien;<20806>;AT213
Globasnitz;<20807>;AT213
Griffen;<20808>;AT213
Neuhaus;<20810>;AT213
Ruden;<20812>;AT213
St. Kanzian am Klopeiner See;<20813>;AT213
Sittersdorf;<20815>;AT213
Völkermarkt;<20817>;AT213
Bad St. Leonhard im Lavanttal;<20901>;AT213
Frantschach-St. Gertraud;<20905>;AT213
Lavamünd;<20909>;AT213
Preitenegg;<20911>;AT213
Reichenfels;<20912>;AT213
St. Andrä;<20913>;AT213
St. Georgen im Lavanttal;<20914>;AT213
St. Paul im Lavanttal;<20918>;AT213
Wolfsberg;<20923>;AT213
Graz;<60101>;AT221
Deutschfeistritz;<60659>;AT221
Dobl-Zwaring;<60660>;AT221
Eggersdorf bei Graz;<60661>;AT221
Feldkirchen bei Graz;<60608>;AT221
Fernitz-Mellach;<60662>;AT221
Frohnleiten;<60663>;AT221
Gössendorf;<60611>;AT221
Gratkorn;<60613>;AT221
Gratwein-Straßengel;<60664>;AT221
Hart bei Graz;<60617>;AT221
Haselsdorf-Tobelbad;<60618>;AT221
Hausmannstätten;<60619>;AT221
Hitzendorf;<60665>;AT221
Kainbach bei Graz;<60623>;AT221
Kalsdorf bei Graz;<60624>;AT221
Kumberg;<60626>;AT221
Laßnitzhöhe;<60628>;AT221
Lieboch;<60629>;AT221
Nestelbach bei Graz;<60666>;AT221
Peggau;<60632>;AT221
Raaba-Grambach;<60667>;AT221
Sankt Bartholomä;<60639>;AT221
Sankt Marein bei Graz;<60668>;AT221
Sankt Oswald bei Plankenwarth;<60641>;AT221
Sankt Radegund bei Graz;<60642>;AT221
Seiersberg-Pirka;<60669>;AT221
Semriach;<60645>;AT221
Stattegg;<60646>;AT221
Stiwoll;<60647>;AT221
Thal;<60648>;AT221
Übelbach;<60651>;AT221
Unterpremstätten-Zettling;<60670>;AT221
Vasoldsberg;<60653>;AT221
Weinitzen;<60654>;AT221
Werndorf;<60655>;AT221
Wundschuh;<60656>;AT221
Admont;<61253>;AT222
Aich;<61254>;AT222
Aigen im Ennstal;<61203>;AT222
Altaussee;<61204>;AT222
Altenmarkt bei Sankt Gallen;<61205>;AT222
Ardning;<61206>;AT222
Bad Aussee;<61207>;AT222
Bad Mitterndorf;<61255>;AT222
Gaishorn am See;<61256>;AT222
Gröbming;<61213>;AT222
Grundlsee;<61215>;AT222
Haus;<61217>;AT222
Irdning-Donnersbachtal;<61257>;AT222
Landl;<61258>;AT222
Lassing;<61222>;AT222
Liezen;<61259>;AT222
Michaelerberg-Pruggern;<61260>;AT222
Mitterberg-Sankt Martin;<61261>;AT222
Öblarn;<61262>;AT222
Ramsau am Dachstein;<61236>;AT222
Rottenmann;<61263>;AT222
Sankt Gallen;<61264>;AT222
Schladming;<61265>;AT222
Selzthal;<61243>;AT222
Sölk;<61266>;AT222
Stainach-Pürgg;<61267>;AT222
Trieben;<61247>;AT222
Wildalpen;<61251>;AT222
Wörschach;<61252>;AT222
Eisenerz;<61101>;AT223
Kalwang;<61105>;AT223
Kammern im Liesingtal;<61106>;AT223
Kraubath an der Mur;<61107>;AT223
Leoben;<61108>;AT223
Mautern in Steiermark;<61109>;AT223
Niklasdorf;<61110>;AT223
Proleb;<61111>;AT223
Radmer;<61112>;AT223
Sankt Michael in Obersteiermark;<61113>;AT223
Sankt Peter-Freienstein;<61114>;AT223
Sankt Stefan ob Leoben;<61115>;AT223
Traboch;<61116>;AT223
Trofaiach;<61120>;AT223
Vordernberg;<61118>;AT223
Wald am Schoberpaß;<61119>;AT223
Aflenz ;<62138>;AT223
Breitenau am Hochlantsch;<62105>;AT223
Bruck an der Mur;<62139>;AT223
Kapfenberg;<62140>;AT223
Kindberg;<62141>;AT223
Krieglach;<62115>;AT223
Langenwang;<62116>;AT223
Mariazell;<62142>;AT223
Mürzzuschlag;<62143>;AT223
Neuberg an der Mürz;<62144>;AT223
Pernegg an der Mur;<62125>;AT223
Sankt Barbara im Mürztal;<62145>;AT223
Sankt Lorenzen im Mürztal;<62128>;AT223
Sankt Marein im Mürztal;<62146>;AT223
Spital am Semmering;<62131>;AT223
Stanz im Mürztal;<62132>;AT223
Thörl;<62147>;AT223
Tragöß-Sankt Katharein;<62148>;AT223
Turnau;<62135>;AT223
Albersdorf-Prebuch;<61701>;AT224
Anger;<61756>;AT224
Birkfeld;<61757>;AT224
Fischbach;<61708>;AT224
Fladnitz an der Teichalm;<61758>;AT224
Floing;<61710>;AT224
Gasen;<61711>;AT224
Gersdorf an der Feistritz;<61759>;AT224
Gleisdorf;<61760>;AT224
Gutenberg;<61761>;AT224
Hofstätten an der Raab;<61719>;AT224
Ilztal;<61762>;AT224
Ludersdorf-Wilfersdorf;<61727>;AT224
Markt Hartmannsdorf;<61716>;AT224
Miesenbach bei Birkfeld;<61728>;AT224
Mitterdorf an der Raab;<61729>;AT224
Mortantsch;<61730>;AT224
Naas;<61731>;AT224
Passail;<61763>;AT224
Pischelsdorf am Kulm;<61764>;AT224
Puch bei Weiz;<61740>;AT224
Ratten;<61741>;AT224
Rettenegg;<61743>;AT224
St. Kathrein am Hauenstein;<61744>;AT224
Sankt Kathrein am Offenegg;<61745>;AT224
St. Margarethen an der Raab;<61746>;AT224
Sankt Ruprecht an der Raab;<61765>;AT224
Sinabelkirchen;<61748>;AT224
Strallegg;<61750>;AT224
Thannhausen;<61751>;AT224
Weiz;<61766>;AT224
Bad Blumau;<62202>;AT224
Bad Waltersdorf;<62264>;AT224
Buch-St. Magdalena;<62205>;AT224
Burgau;<62206>;AT224
Dechantskirchen;<62265>;AT224
Ebersdorf;<62209>;AT224
Feistritztal;<62266>;AT224
Friedberg;<62211>;AT224
Fürstenfeld;<62267>;AT224
Grafendorf bei Hartberg;<62268>;AT224
Greinbach;<62214>;AT224
Großsteinbach;<62216>;AT224
Großwilfersdorf;<62269>;AT224
Hartberg;<62219>;AT224
Hartberg Umgebung;<62220>;AT224
Hartl;<62270>;AT224
Ilz;<62271>;AT224
Kaindorf;<62272>;AT224
Lafnitz;<62226>;AT224
Bad Loipersdorf;<62273>;AT224
Neudau;<62274>;AT224
Ottendorf an der Rittschein;<62232>;AT224
Pinggau;<62233>;AT224
Pöllau;<62275>;AT224
Pöllauberg;<62235>;AT224
Rohr bei Hartberg;<62276>;AT224
Rohrbach an der Lafnitz;<62277>;AT224
Sankt Jakob im Walde;<62242>;AT224
Sankt Johann in der Haide;<62244>;AT224
Sankt Lorenzen am Wechsel;<62245>;AT224
Schäffern;<62247>;AT224
Söchau;<62252>;AT224
Stubenberg;<62256>;AT224
Vorau;<62278>;AT224
Waldbach-Mönichwald;<62279>;AT224
Wenigzell;<62262>;AT224
Bad Gleichenberg;<62375>;AT224
Bad Radkersburg;<62376>;AT224
Deutsch Goritz;<62377>;AT224
Edelsbach bei Feldbach;<62311>;AT224
Eichkögl;<62314>;AT224
Fehring;<62378>;AT224
Feldbach;<62379>;AT224
Gnas;<62380>;AT224
Halbenrain;<62326>;AT224
Jagerberg;<62330>;AT224
Kapfenstein;<62332>;AT224
Kirchbach in der Steiermark;<62381>;AT224
Kirchberg an der Raab;<62382>;AT224
Klöch;<62335>;AT224
Mettersdorf am Saßbach;<62343>;AT224
Mureck;<62383>;AT224
Paldau;<62384>;AT224
Pirching am Traubenberg;<62385>;AT224
Riegersburg;<62386>;AT224
Sankt Anna am Aigen;<62387>;AT224
Sankt Peter am Ottersbach;<62388>;AT224
Sankt Stefan im Rosental;<62389>;AT224
Straden;<62390>;AT224
Tieschen;<62368>;AT224
Unterlamm;<62372>;AT224
Bad Schwanberg;<60349>;AT225
Deutschlandsberg;<60344>;AT225
Eibiswald;<60345>;AT225
Frauental an der Laßnitz;<60305>;AT225
Groß Sankt Florian;<60346>;AT225
Lannach;<60318>;AT225
Pölfing-Brunn;<60323>;AT225
Preding;<60324>;AT225
Sankt Josef (Weststeiermark);<60326>;AT225
Sankt Martin im Sulmtal;<60347>;AT225
Sankt Peter im Sulmtal;<60329>;AT225
Sankt Stefan ob Stainz;<60348>;AT225
Stainz;<60350>;AT225
Wettmannstätten;<60341>;AT225
Wies;<60351>;AT225
Allerheiligen bei Wildon;<61001>;AT225
Arnfels;<61002>;AT225
Ehrenhausen an der Weinstraße;<61049>;AT225
Empersdorf;<61007>;AT225
Gabersdorf;<61008>;AT225
Gamlitz;<61050>;AT225
Gleinstätten;<61051>;AT225
Gralla;<61012>;AT225
Großklein;<61013>;AT225
Heiligenkreuz am Waasen;<61052>;AT225
Heimschuh;<61016>;AT225
Hengsberg;<61017>;AT225
Kitzeck im Sausal;<61019>;AT225
Lang;<61020>;AT225
Lebring-Sankt Margarethen;<61021>;AT225
Leibnitz;<61053>;AT225
Leutschach an der Weinstraße;<61054>;AT225
Oberhaag;<61024>;AT225
Ragnitz;<61027>;AT225
Sankt Andrä-Höch;<61030>;AT225
Sankt Georgen an der Stiefing;<61055>;AT225
Sankt Johann im Saggautal;<61032>;AT225
Sankt Nikolai im Sausal;<61033>;AT225
Sankt Veit in der Südsteiermark;<61060>;AT225
Schwarzautal;<61057>;AT225
Straß in Steiermark;<61061>;AT225
Tillmitsch;<61043>;AT225
Wagna;<61045>;AT225
Wildon;<61059>;AT225
Bärnbach;<61626>;AT225
Edelschrott;<61627>;AT225
Geistthal-Södingberg;<61628>;AT225
Hirschegg-Pack;<61629>;AT225
Kainach bei Voitsberg;<61630>;AT225
Köflach;<61631>;AT225
Krottendorf-Gaisfeld;<61611>;AT225
Ligist;<61612>;AT225
Maria Lankowitz;<61632>;AT225
Mooskirchen;<61615>;AT225
Rosental an der Kainach;<61618>;AT225
Sankt Martin am Wöllmißberg;<61621>;AT225
Söding-Sankt Johann;<61633>;AT225
Stallhofen;<61624>;AT225
Voitsberg;<61625>;AT225
Krakau;<61437>;AT226
Mühlen;<61410>;AT226
Murau;<61438>;AT226
Neumarkt in der Steiermark;<61439>;AT226
Niederwölz;<61413>;AT226
Oberwölz ;<61440>;AT226
Ranten;<61441>;AT226
Sankt Georgen am Kreischberg;<61442>;AT226
Sankt Lambrecht;<61443>;AT226
St. Peter am Kammersberg;<61425>;AT226
Scheifling;<61444>;AT226
Schöder;<61428>;AT226
Stadl-Predlitz;<61445>;AT226
Teufenbach-Katsch;<61446>;AT226
Fohnsdorf;<62007>;AT226
Gaal;<62008>;AT226
Großlobming;<62039>;AT226
Hohentauern;<62010>;AT226
Judenburg;<62040>;AT226
Knittelfeld;<62041>;AT226
Kobenz;<62014>;AT226
Obdach;<62042>;AT226
Pöls-Oberkurzheim;<62043>;AT226
Pölstal;<62044>;AT226
Pusterwald;<62021>;AT226
Sankt Georgen ob Judenburg;<62026>;AT226
Sankt Marein-Feistritz;<62045>;AT226
Sankt Margarethen bei Knittelfeld;<62046>;AT226
Sankt Peter ob Judenburg;<62032>;AT226
Seckau;<62034>;AT226
Spielberg;<62047>;AT226
Unzmarkt-Frauenburg;<62036>;AT226
Weißkirchen in Steiermark;<62048>;AT226
Zeltweg;<62038>;AT226
Altheim;<40401>;AT311
Aspach;<40402>;AT311
Auerbach;<40403>;AT311
Braunau am Inn;<40404>;AT311
Burgkirchen;<40405>;AT311
Eggelsberg;<40406>;AT311
Feldkirchen bei Mattighofen;<40407>;AT311
Franking;<40408>;AT311
Geretsberg;<40409>;AT311
Gilgenberg am Weilhart;<40410>;AT311
Haigermoos;<40411>;AT311
Handenberg;<40412>;AT311
Helpfau-Uttendorf;<40413>;AT311
Hochburg-Ach;<40414>;AT311
Höhnhart;<40415>;AT311
Jeging;<40416>;AT311
Kirchberg bei Mattighofen;<40417>;AT311
Lengau;<40418>;AT311
Lochen am See;<40419>;AT311
Maria Schmolln;<40420>;AT311
Mattighofen;<40421>;AT311
Mauerkirchen;<40422>;AT311
Mining;<40423>;AT311
Moosbach;<40424>;AT311
Moosdorf;<40425>;AT311
Munderfing;<40426>;AT311
Neukirchen an der Enknach;<40427>;AT311
Ostermiething;<40428>;AT311
Palting;<40429>;AT311
Perwang am Grabensee;<40430>;AT311
Pfaffstätt;<40431>;AT311
Pischelsdorf am Engelbach;<40432>;AT311
Polling im Innkreis;<40433>;AT311
Roßbach;<40434>;AT311
St. Georgen am Fillmannsbach;<40435>;AT311
St. Johann am Walde;<40436>;AT311
St. Pantaleon;<40437>;AT311
St. Peter am Hart;<40438>;AT311
St. Radegund;<40439>;AT311
St. Veit im Innkreis;<40440>;AT311
Schalchen;<40441>;AT311
Schwand im Innkreis;<40442>;AT311
Tarsdorf;<40443>;AT311
Treubach;<40444>;AT311
Überackern;<40445>;AT311
Weng im Innkreis;<40446>;AT311
Aistersheim;<40801>;AT311
Bad Schallerbach;<40802>;AT311
Eschenau im Hausruckkreis;<40804>;AT311
Gallspach;<40805>;AT311
Gaspoltshofen;<40806>;AT311
Geboltskirchen;<40807>;AT311
Grieskirchen;<40808>;AT311
Haag am Hausruck;<40809>;AT311
Heiligenberg;<40810>;AT311
Hofkirchen an der Trattnach;<40811>;AT311
Kallham;<40812>;AT311
Kematen am Innbach;<40813>;AT311
Meggenhofen;<40814>;AT311
Michaelnbach;<40815>;AT311
Natternbach;<40816>;AT311
Neukirchen am Walde;<40817>;AT311
Neumarkt im Hausruckkreis;<40818>;AT311
Peuerbach;<40835>;AT311
Pollham;<40821>;AT311
Pötting;<40820>;AT311
Pram;<40822>;AT311
Rottenbach;<40823>;AT311
St. Agatha;<40824>;AT311
St. Georgen bei Grieskirchen;<40825>;AT311
St. Thomas;<40826>;AT311
Schlüßlberg;<40827>;AT311
Steegen;<40828>;AT311
Taufkirchen an der Trattnach;<40829>;AT311
Tollet;<40830>;AT311
Waizenkirchen;<40831>;AT311
Wallern an der Trattnach;<40832>;AT311
Weibern;<40833>;AT311
Wendling;<40834>;AT311
Andrichsfurt;<41201>;AT311
Antiesenhofen;<41202>;AT311
Aurolzmünster;<41203>;AT311
Eberschwang;<41204>;AT311
Eitzing;<41205>;AT311
Geiersberg;<41206>;AT311
Geinberg;<41207>;AT311
Gurten;<41208>;AT311
Hohenzell;<41209>;AT311
Kirchdorf am Inn;<41210>;AT311
Kirchheim im Innkreis;<41211>;AT311
Lambrechten;<41212>;AT311
Lohnsburg am Kobernaußerwald;<41213>;AT311
Mehrnbach;<41214>;AT311
Mettmach;<41215>;AT311
Mörschwang;<41216>;AT311
Mühlheim am Inn;<41217>;AT311
Neuhofen im Innkreis;<41218>;AT311
Obernberg am Inn;<41219>;AT311
Ort im Innkreis;<41220>;AT311
Pattigham;<41221>;AT311
Peterskirchen;<41222>;AT311
Pramet;<41223>;AT311
Reichersberg;<41224>;AT311
Ried im Innkreis;<41225>;AT311
St. Georgen bei Obernberg am Inn;<41226>;AT311
St. Marienkirchen am Hausruck;<41227>;AT311
St. Martin im Innkreis;<41228>;AT311
Schildorn;<41229>;AT311
Senftenbach;<41230>;AT311
Taiskirchen im Innkreis;<41231>;AT311
Tumeltsham;<41232>;AT311
Utzenaich;<41233>;AT311
Waldzell;<41234>;AT311
Weilbach;<41235>;AT311
Wippenham;<41236>;AT311
Altschwendt;<41401>;AT311
Andorf;<41402>;AT311
Brunnenthal;<41403>;AT311
Diersbach;<41404>;AT311
Dorf an der Pram;<41405>;AT311
Eggerding;<41406>;AT311
Engelhartszell;<41407>;AT311
Enzenkirchen;<41408>;AT311
Esternberg;<41409>;AT311
Freinberg;<41410>;AT311
Kopfing im Innkreis;<41411>;AT311
Mayrhof;<41412>;AT311
Münzkirchen;<41413>;AT311
Raab;<41414>;AT311
Rainbach im Innkreis;<41415>;AT311
Riedau;<41416>;AT311
St. Aegidi;<41417>;AT311
St. Florian am Inn;<41418>;AT311
St. Marienkirchen bei Schärding;<41419>;AT311
St. Roman;<41420>;AT311
St. Willibald;<41421>;AT311
Schardenberg;<41423>;AT311
Schärding;<41422>;AT311
Sigharting;<41424>;AT311
Suben;<41425>;AT311
Taufkirchen an der Pram;<41426>;AT311
Vichtenstein;<41427>;AT311
Waldkirchen am Wesen;<41428>;AT311
Wernstein am Inn;<41429>;AT311
Zell an der Pram;<41430>;AT311
Linz;<40101>;AT312
Wels;<40301>;AT312
Alkoven;<40501>;AT312
Aschach an der Donau;<40502>;AT312
Eferding;<40503>;AT312
Fraham;<40504>;AT312
Haibach ob der Donau;<40505>;AT312
Hartkirchen;<40506>;AT312
Hinzenbach;<40507>;AT312
Prambachkirchen;<40508>;AT312
Pupping;<40509>;AT312
St. Marienkirchen an der Polsenz;<40510>;AT312
Scharten;<40511>;AT312
Stroheim;<40512>;AT312
Allhaming;<41001>;AT312
Ansfelden;<41002>;AT312
Asten;<41003>;AT312
Eggendorf im Traunkreis;<41004>;AT312
Enns;<41005>;AT312
Hargelsberg;<41006>;AT312
Hofkirchen im Traunkreis;<41008>;AT312
Hörsching;<41007>;AT312
Kematen an der Krems;<41009>;AT312
Kirchberg-Thening;<41010>;AT312
Kronstorf;<41011>;AT312
Leonding;<41012>;AT312
Neuhofen an der Krems;<41014>;AT312
Niederneukirchen;<41015>;AT312
Oftering;<41016>;AT312
Pasching;<41017>;AT312
Piberbach;<41018>;AT312
Pucking;<41019>;AT312
St. Florian;<41013>;AT312
St. Marien;<41020>;AT312
Traun;<41021>;AT312
Wilhering;<41022>;AT312
Alberndorf in der Riedmark;<41601>;AT312
Altenberg bei Linz;<41602>;AT312
Eidenberg;<41604>;AT312
Engerwitzdorf;<41605>;AT312
Feldkirchen an der Donau;<41606>;AT312
Gallneukirchen;<41607>;AT312
Goldwörth;<41608>;AT312
Gramastetten;<41609>;AT312
Hellmonsödt;<41611>;AT312
Herzogsdorf;<41612>;AT312
Kirchschlag bei Linz;<41613>;AT312
Lichtenberg;<41614>;AT312
Ottensheim;<41617>;AT312
Puchenau;<41618>;AT312
St. Gotthard im Mühlkreis;<41621>;AT312
Sonnberg im Mühlkreis;<41623>;AT312
Steyregg;<41624>;AT312
Walding;<41626>;AT312
Aichkirchen;<41801>;AT312
Bachmanning;<41802>;AT312
Bad Wimsbach-Neydharting;<41803>;AT312
Buchkirchen;<41804>;AT312
Eberstalzell;<41805>;AT312
Edt bei Lambach;<41806>;AT312
Fischlham;<41807>;AT312
Gunskirchen;<41808>;AT312
Holzhausen;<41809>;AT312
Krenglbach;<41810>;AT312
Lambach;<41811>;AT312
Marchtrenk;<41812>;AT312
Neukirchen bei Lambach;<41813>;AT312
Offenhausen;<41814>;AT312
Pennewang;<41815>;AT312
Pichl bei Wels;<41816>;AT312
Sattledt;<41817>;AT312
Schleißheim;<41818>;AT312
Sipbachzell;<41819>;AT312
Stadl-Paura;<41820>;AT312
Steinerkirchen an der Traun;<41821>;AT312
Steinhaus;<41822>;AT312
Thalheim bei Wels;<41823>;AT312
Weißkirchen an der Traun;<41824>;AT312
Bad Zell;<40627>;AT313
Freistadt;<40601>;AT313
Grünbach;<40602>;AT313
Gutau;<40603>;AT313
Hagenberg im Mühlkreis;<40604>;AT313
Hirschbach im Mühlkreis;<40605>;AT313
Kaltenberg;<40606>;AT313
Kefermarkt;<40607>;AT313
Königswiesen;<40608>;AT313
Lasberg;<40609>;AT313
Leopoldschlag;<40610>;AT313
Liebenau;<40611>;AT313
Neumarkt im Mühlkreis;<40612>;AT313
Pierbach;<40613>;AT313
Pregarten;<40614>;AT313
Rainbach im Mühlkreis;<40615>;AT313
Sandl;<40616>;AT313
St. Leonhard bei Freistadt;<40617>;AT313
St. Oswald bei Freistadt;<40618>;AT313
Schönau im Mühlkreis;<40619>;AT313
Tragwein;<40620>;AT313
Unterweißenbach;<40621>;AT313
Unterweitersdorf;<40622>;AT313
Waldburg;<40623>;AT313
Wartberg ob der Aist;<40624>;AT313
Weitersfelden;<40625>;AT313
Windhaag bei Freistadt;<40626>;AT313
Allerheiligen im Mühlkreis;<41101>;AT313
Arbing;<41102>;AT313
Bad Kreuzen;<41108>;AT313
Baumgartenberg;<41103>;AT313
Dimbach;<41104>;AT313
Grein;<41105>;AT313
Katsdorf;<41106>;AT313
Klam;<41107>;AT313
Langenstein;<41109>;AT313
Luftenberg an der Donau;<41110>;AT313
Mauthausen;<41111>;AT313
Mitterkirchen im Machland;<41112>;AT313
Münzbach;<41113>;AT313
Naarn im Machlande;<41114>;AT313
Pabneukirchen;<41115>;AT313
Perg;<41116>;AT313
Rechberg;<41117>;AT313
Ried in der Riedmark;<41118>;AT313
St. Georgen am Walde;<41119>;AT313
St. Georgen an der Gusen;<41120>;AT313
St. Nikola an der Donau;<41121>;AT313
St. Thomas am Blasenstein;<41122>;AT313
Saxen;<41123>;AT313
Schwertberg;<41124>;AT313
Waldhausen im Strudengau;<41125>;AT313
Windhaag bei Perg;<41126>;AT313
Aigen-Schlägl;<41343>;AT313
Altenfelden;<41304>;AT313
Arnreit;<41305>;AT313
Atzesberg;<41306>;AT313
Auberg;<41307>;AT313
Haslach an der Mühl;<41309>;AT313
Helfenberg;<41345>;AT313
Hofkirchen im Mühlkreis;<41312>;AT313
Hörbich;<41311>;AT313
Julbach;<41313>;AT313
Kirchberg ob der Donau;<41314>;AT313
Klaffer am Hochficht;<41315>;AT313
Kleinzell im Mühlkreis;<41316>;AT313
Kollerschlag;<41317>;AT313
Lembach im Mühlkreis;<41318>;AT313
Lichtenau im Mühlkreis;<41319>;AT313
Nebelberg;<41320>;AT313
Neufelden;<41321>;AT313
Neustift im Mühlkreis;<41329>;AT313
Niederkappel;<41322>;AT313
Niederwaldkirchen;<41323>;AT313
Oberkappel;<41324>;AT313
Oepping;<41325>;AT313
Peilstein im Mühlviertel;<41326>;AT313
Pfarrkirchen im Mühlkreis;<41327>;AT313
Putzleinsdorf;<41328>;AT313
Rohrbach-Berg;<41344>;AT313
St. Johann am Wimberg;<41331>;AT313
St. Martin im Mühlkreis;<41332>;AT313
St. Oswald bei Haslach;<41333>;AT313
St. Peter am Wimberg;<41334>;AT313
St. Stefan-Afiesl;<41346>;AT313
St. Ulrich im Mühlkreis;<41336>;AT313
St. Veit im Mühlkreis;<41337>;AT313
Sarleinsbach;<41338>;AT313
Schwarzenberg am Böhmerwald;<41341>;AT313
Ulrichsberg;<41342>;AT313
Bad Leonfelden;<41603>;AT313
Haibach im Mühlkreis;<41610>;AT313
Oberneukirchen;<41615>;AT313
Ottenschlag im Mühlkreis;<41616>;AT313
Reichenau im Mühlkreis;<41619>;AT313
Reichenthal;<41620>;AT313
Schenkenfelden;<41622>;AT313
Vorderweißenbach;<41628>;AT313
Zwettl an der Rodl;<41627>;AT313
Steyr;<40201>;AT314
Edlbach;<40901>;AT314
Grünburg;<40902>;AT314
Hinterstoder;<40903>;AT314
Inzersdorf im Kremstal;<40904>;AT314
Kirchdorf an der Krems;<40905>;AT314
Klaus an der Pyhrnbahn;<40906>;AT314
Kremsmünster;<40907>;AT314
Micheldorf in Oberösterreich;<40908>;AT314
Molln;<40909>;AT314
Nußbach;<40910>;AT314
Oberschlierbach;<40911>;AT314
Pettenbach;<40912>;AT314
Ried im Traunkreis;<40913>;AT314
Rosenau am Hengstpaß;<40914>;AT314
Roßleithen;<40915>;AT314
St. Pankraz;<40916>;AT314
Schlierbach;<40917>;AT314
Spital am Pyhrn;<40918>;AT314
Steinbach am Ziehberg;<40919>;AT314
Steinbach an der Steyr;<40920>;AT314
Vorderstoder;<40921>;AT314
Wartberg an der Krems;<40922>;AT314
Windischgarsten;<40923>;AT314
Adlwang;<41501>;AT314
Aschach an der Steyr;<41502>;AT314
Bad Hall;<41503>;AT314
Dietach;<41504>;AT314
Gaflenz;<41505>;AT314
Garsten;<41506>;AT314
Großraming;<41507>;AT314
Laussa;<41508>;AT314
Losenstein;<41509>;AT314
Maria Neustift;<41510>;AT314
Pfarrkirchen bei Bad Hall;<41511>;AT314
Reichraming;<41512>;AT314
Rohr im Kremstal;<41513>;AT314
St. Ulrich bei Steyr;<41514>;AT314
Schiedlberg;<41515>;AT314
Sierning;<41516>;AT314
Ternberg;<41517>;AT314
Waldneukirchen;<41518>;AT314
Weyer;<41522>;AT314
Wolfern;<41521>;AT314
Altmünster;<40701>;AT315
Bad Goisern am Hallstädtersee;<40702>;AT315
Bad Ischl;<40703>;AT315
Ebensee am Traunsee;<40704>;AT315
Gmunden;<40705>;AT315
Gosau;<40706>;AT315
Grünau im Almtal;<40707>;AT315
Gschwandt;<40708>;AT315
Hallstatt;<40709>;AT315
Kirchham;<40710>;AT315
Laakirchen;<40711>;AT315
Obertraun;<40712>;AT315
Ohlsdorf;<40713>;AT315
Pinsdorf;<40714>;AT315
Roitham am Traunfall;<40715>;AT315
St. Konrad;<40716>;AT315
St. Wolfgang im Salzkammergut;<40717>;AT315
Scharnstein;<40719>;AT315
Traunkirchen;<40718>;AT315
Vorchdorf;<40720>;AT315
Ampflwang im Hausruckwald;<41701>;AT315
Attersee am Attersee;<41702>;AT315
Attnang-Puchheim;<41703>;AT315
Atzbach;<41704>;AT315
Aurach am Hongar;<41705>;AT315
Berg im Attergau;<41706>;AT315
Desselbrunn;<41707>;AT315
Fornach;<41708>;AT315
Frankenburg am Hausruck;<41709>;AT315
Frankenmarkt;<41710>;AT315
Gampern;<41711>;AT315
Innerschwand am Mondsee;<41712>;AT315
Lenzing;<41713>;AT315
Manning;<41714>;AT315
Mondsee;<41715>;AT315
Neukirchen an der Vöckla;<41716>;AT315
Niederthalheim;<41717>;AT315
Nußdorf am Attersee;<41718>;AT315
Oberhofen am Irrsee;<41719>;AT315
Oberndorf bei Schwanenstadt;<41720>;AT315
Oberwang;<41721>;AT315
Ottnang am Hausruck;<41722>;AT315
Pfaffing;<41723>;AT315
Pilsbach;<41724>;AT315
Pitzenberg;<41725>;AT315
Pöndorf;<41726>;AT315
Puchkirchen am Trattberg;<41727>;AT315
Pühret;<41728>;AT315
Redleiten;<41729>;AT315
Redlham;<41730>;AT315
Regau;<41731>;AT315
Rüstorf;<41732>;AT315
Rutzenham;<41733>;AT315
St. Georgen im Attergau;<41734>;AT315
St. Lorenz;<41735>;AT315
Schlatt;<41736>;AT315
Schörfling am Attersee;<41737>;AT315
Schwanenstadt;<41738>;AT315
Seewalchen am Attersee;<41739>;AT315
Steinbach am Attersee;<41740>;AT315
Straß im Attergau;<41741>;AT315
Tiefgraben;<41742>;AT315
Timelkam;<41743>;AT315
Ungenach;<41744>;AT315
Unterach am Attersee;<41745>;AT315
Vöcklabruck;<41746>;AT315
Vöcklamarkt;<41747>;AT315
Weißenkirchen im Attergau;<41748>;AT315
Weyregg am Attersee;<41749>;AT315
Wolfsegg am Hausruck;<41750>;AT315
Zell am Moos;<41751>;AT315
Zell am Pettenfirst;<41752>;AT315
Göriach;<50501>;AT321
Lessach;<50502>;AT321
Mariapfarr;<50503>;AT321
Mauterndorf;<50504>;AT321
Muhr;<50505>;AT321
Ramingstein;<50506>;AT321
St. Andrä im Lungau;<50507>;AT321
St. Margarethen im Lungau;<50508>;AT321
St. Michael im Lungau;<50509>;AT321
Tamsweg;<50510>;AT321
Thomatal;<50511>;AT321
Tweng;<50512>;AT321
Unternberg;<50513>;AT321
Weißpriach;<50514>;AT321
Zederhaus;<50515>;AT321
Altenmarkt im Pongau;<50401>;AT322
Bad Gastein;<50403>;AT322
Bad Hofgastein;<50402>;AT322
Bischofshofen;<50404>;AT322
Dorfgastein;<50405>;AT322
Eben im Pongau;<50406>;AT322
Filzmoos;<50407>;AT322
Flachau;<50408>;AT322
Forstau;<50409>;AT322
Goldegg;<50410>;AT322
Großarl;<50411>;AT322
Hüttau;<50412>;AT322
Hüttschlag;<50413>;AT322
Kleinarl;<50414>;AT322
Mühlbach am Hochkönig;<50415>;AT322
Pfarrwerfen;<50416>;AT322
Radstadt;<50417>;AT322
St. Johann im Pongau;<50418>;AT322
St. Martin am Tennengebirge;<50419>;AT322
St. Veit im Pongau;<50420>;AT322
Schwarzach im Pongau;<50421>;AT322
Untertauern;<50422>;AT322
Wagrain;<50423>;AT322
Werfen;<50424>;AT322
Werfenweng;<50425>;AT322
Bramberg am Wildkogel;<50601>;AT322
Bruck an der Großglocknerstraße;<50602>;AT322
Dienten am Hochkönig;<50603>;AT322
Fusch an der Großglocknerstraße;<50604>;AT322
Hollersbach im Pinzgau;<50605>;AT322
Kaprun;<50606>;AT322
Krimml;<50607>;AT322
Lend;<50608>;AT322
Leogang;<50609>;AT322
Lofer;<50610>;AT322
Maishofen;<50611>;AT322
Maria Alm am Steinernen Meer;<50612>;AT322
Mittersill;<50613>;AT322
Neukirchen am Großvenediger;<50614>;AT322
Niedernsill;<50615>;AT322
Piesendorf;<50616>;AT322
Rauris;<50617>;AT322
Saalbach-Hinterglemm;<50618>;AT322
Saalfelden am Steinernen Meer;<50619>;AT322
St. Martin bei Lofer;<50620>;AT322
Stuhlfelden;<50621>;AT322
Taxenbach;<50622>;AT322
Unken;<50623>;AT322
Uttendorf;<50624>;AT322
Viehhofen;<50625>;AT322
Wald im Pinzgau;<50626>;AT322
Weißbach bei Lofer;<50627>;AT322
Zell am See;<50628>;AT322
Salzburg;<50101>;AT323
Abtenau;<50201>;AT323
Adnet;<50202>;AT323
Annaberg-Lungötz;<50203>;AT323
Bad Vigaun;<50213>;AT323
Golling an der Salzach;<50204>;AT323
Hallein;<50205>;AT323
Krispl;<50206>;AT323
Kuchl;<50207>;AT323
Oberalm;<50208>;AT323
Puch bei Hallein;<50209>;AT323
Rußbach am Paß Gschütt;<50210>;AT323
St. Koloman;<50211>;AT323
Scheffau am Tennengebirge;<50212>;AT323
Anif;<50301>;AT323
Anthering;<50302>;AT323
Bergheim;<50303>;AT323
Berndorf bei Salzburg;<50304>;AT323
Bürmoos;<50305>;AT323
Dorfbeuern;<50306>;AT323
Ebenau;<50307>;AT323
Elixhausen;<50308>;AT323
Elsbethen;<50309>;AT323
Eugendorf;<50310>;AT323
Faistenau;<50311>;AT323
Fuschl am See;<50312>;AT323
Göming;<50313>;AT323
Grödig;<50314>;AT323
Großgmain;<50315>;AT323
Hallwang;<50316>;AT323
Henndorf am Wallersee;<50317>;AT323
Hintersee;<50318>;AT323
Hof bei Salzburg;<50319>;AT323
Koppl;<50321>;AT323
Köstendorf;<50320>;AT323
Lamprechtshausen;<50322>;AT323
Mattsee;<50323>;AT323
Neumarkt am Wallersee;<50324>;AT323
Nußdorf am Haunsberg;<50325>;AT323
Oberndorf bei Salzburg;<50326>;AT323
Obertrum am See;<50327>;AT323
Plainfeld;<50328>;AT323
St. Georgen bei Salzburg;<50329>;AT323
St. Gilgen;<50330>;AT323
Schleedorf;<50331>;AT323
Seeham;<50332>;AT323
Seekirchen am Wallersee;<50339>;AT323
Straßwalchen;<50335>;AT323
Strobl;<50336>;AT323
Thalgau;<50337>;AT323
Wals-Siezenheim;<50338>;AT323
Bach;<70801>;AT331
Berwang;<70802>;AT331
Biberwier;<70803>;AT331
Bichlbach;<70804>;AT331
Breitenwang;<70805>;AT331
Ehenbichl;<70806>;AT331
Ehrwald;<70807>;AT331
Elbigenalp;<70808>;AT331
Elmen;<70809>;AT331
Forchach;<70810>;AT331
Gramais;<70812>;AT331
Grän;<70811>;AT331
Häselgehr;<70813>;AT331
Heiterwang;<70814>;AT331
Hinterhornbach;<70815>;AT331
Höfen;<70816>;AT331
Holzgau;<70817>;AT331
Jungholz;<70818>;AT331
Kaisers;<70819>;AT331
Lechaschau;<70820>;AT331
Lermoos;<70821>;AT331
Musau;<70822>;AT331
Namlos;<70823>;AT331
Nesselwängle;<70824>;AT331
Pfafflar;<70825>;AT331
Pflach;<70826>;AT331
Pinswang;<70827>;AT331
Reutte;<70828>;AT331
Schattwald;<70829>;AT331
Stanzach;<70830>;AT331
Steeg;<70831>;AT331
Tannheim;<70832>;AT331
Vils;<70833>;AT331
Vorderhornbach;<70834>;AT331
Wängle;<70835>;AT331
Weißenbach am Lech;<70836>;AT331
Zöblen;<70837>;AT331
Innsbruck;<70101>;AT332
Absam;<70301>;AT332
Aldrans;<70302>;AT332
Ampass;<70303>;AT332
Axams;<70304>;AT332
Baumkirchen;<70305>;AT332
Birgitz;<70306>;AT332
Ellbögen;<70307>;AT332
Flaurling;<70308>;AT332
Fritzens;<70309>;AT332
Fulpmes;<70310>;AT332
Gnadenwald;<70311>;AT332
Götzens;<70312>;AT332
Gries am Brenner;<70313>;AT332
Gries im Sellrain;<70314>;AT332
Grinzens;<70315>;AT332
Gschnitz;<70317>;AT332
Hall in Tirol;<70354>;AT332
Hatting;<70318>;AT332
Inzing;<70319>;AT332
Kematen in Tirol;<70320>;AT332
Kolsass;<70322>;AT332
Kolsassberg;<70323>;AT332
Lans;<70325>;AT332
Leutasch;<70326>;AT332
Matrei am Brenner;<70370>;AT332
Mieders;<70328>;AT332
Mils;<70329>;AT332
Mutters;<70331>;AT332
Natters;<70332>;AT332
Navis;<70333>;AT332
Neustift im Stubaital;<70334>;AT332
Oberhofen im Inntal;<70335>;AT332
Obernberg am Brenner;<70336>;AT332
Oberperfuss;<70337>;AT332
Patsch;<70338>;AT332
Pettnau;<70339>;AT332
Pfaffenhofen;<70340>;AT332
Polling in Tirol;<70342>;AT332
Ranggen;<70343>;AT332
Reith bei Seefeld;<70344>;AT332
Rinn;<70345>;AT332
Rum;<70346>;AT332
St. Sigmund im Sellrain;<70347>;AT332
Scharnitz;<70348>;AT332
Schmirn;<70349>;AT332
Schönberg im Stubaital;<70350>;AT332
Seefeld in Tirol;<70351>;AT332
Sellrain;<70352>;AT332
Sistrans;<70353>;AT332
Steinach am Brenner;<70355>;AT332
Telfes im Stubai;<70356>;AT332
Telfs;<70357>;AT332
Thaur;<70358>;AT332
Trins;<70359>;AT332
Tulfes;<70360>;AT332
Unterperfuss;<70361>;AT332
Vals;<70362>;AT332
Volders;<70365>;AT332
Völs;<70364>;AT332
Wattenberg;<70366>;AT332
Wattens;<70367>;AT332
Wildermieming;<70368>;AT332
Zirl;<70369>;AT332
Abfaltersbach;<70701>;AT333
Ainet;<70702>;AT333
Amlach;<70703>;AT333
Anras;<70704>;AT333
Assling;<70705>;AT333
Außervillgraten;<70706>;AT333
Dölsach;<70707>;AT333
Gaimberg;<70708>;AT333
Heinfels;<70735>;AT333
Hopfgarten in Defereggen;<70709>;AT333
Innervillgraten;<70710>;AT333
Iselsberg-Stronach;<70711>;AT333
Kals am Großglockner;<70712>;AT333
Kartitsch;<70713>;AT333
Lavant;<70714>;AT333
Leisach;<70715>;AT333
Lienz;<70716>;AT333
Matrei in Osttirol;<70717>;AT333
Nikolsdorf;<70718>;AT333
Nußdorf-Debant;<70719>;AT333
Oberlienz;<70720>;AT333
Obertilliach;<70721>;AT333
Prägraten am Großvenediger;<70723>;AT333
St. Jakob in Defereggen;<70724>;AT333
St. Johann im Walde;<70725>;AT333
St. Veit in Defereggen;<70726>;AT333
Schlaiten;<70727>;AT333
Sillian;<70728>;AT333
Strassen;<70729>;AT333
Thurn;<70731>;AT333
Tristach;<70732>;AT333
Untertilliach;<70733>;AT333
Virgen;<70734>;AT333
Arzl im Pitztal;<70201>;AT334
Haiming;<70202>;AT334
Imst;<70203>;AT334
Imsterberg;<70204>;AT334
Jerzens;<70205>;AT334
Karres;<70206>;AT334
Karrösten;<70207>;AT334
Längenfeld;<70208>;AT334
Mieming;<70209>;AT334
Mils bei Imst;<70210>;AT334
Mötz;<70211>;AT334
Nassereith;<70212>;AT334
Obsteig;<70213>;AT334
Oetz;<70214>;AT334
Rietz;<70215>;AT334
Roppen;<70216>;AT334
St. Leonhard im Pitztal;<70217>;AT334
Sautens;<70218>;AT334
Silz;<70219>;AT334
Sölden;<70220>;AT334
Stams;<70221>;AT334
Tarrenz;<70222>;AT334
Umhausen;<70223>;AT334
Wenns;<70224>;AT334
Faggen;<70601>;AT334
Fendels;<70602>;AT334
Fiss;<70603>;AT334
Fließ;<70604>;AT334
Flirsch;<70605>;AT334
Galtür;<70606>;AT334
Grins;<70607>;AT334
Ischgl;<70608>;AT334
Kappl;<70609>;AT334
Kaunerberg;<70610>;AT334
Kaunertal;<70611>;AT334
Kauns;<70612>;AT334
Ladis;<70613>;AT334
Landeck;<70614>;AT334
Nauders;<70615>;AT334
Pettneu am Arlberg;<70616>;AT334
Pfunds;<70617>;AT334
Pians;<70618>;AT334
Prutz;<70619>;AT334
Ried im Oberinntal;<70620>;AT334
St. Anton am Arlberg;<70621>;AT334
Schönwies;<70622>;AT334
See;<70623>;AT334
Serfaus;<70624>;AT334
Spiss;<70625>;AT334
Stanz bei Landeck;<70626>;AT334
Strengen;<70627>;AT334
Tobadill;<70628>;AT334
Tösens;<70629>;AT334
Zams;<70630>;AT334
Aurach bei Kitzbühel;<70401>;AT335
Brixen im Thale;<70402>;AT335
Fieberbrunn;<70403>;AT335
Going am Wilden Kaiser;<70404>;AT335
Hochfilzen;<70405>;AT335
Hopfgarten im Brixental;<70406>;AT335
Itter;<70407>;AT335
Jochberg;<70408>;AT335
Kirchberg in Tirol;<70409>;AT335
Kirchdorf in Tirol;<70410>;AT335
Kitzbühel;<70411>;AT335
Kössen;<70412>;AT335
Oberndorf in Tirol;<70413>;AT335
Reith bei Kitzbühel;<70414>;AT335
St. Jakob in Haus;<70415>;AT335
St. Johann in Tirol;<70416>;AT335
St. Ulrich am Pillersee;<70417>;AT335
Schwendt;<70418>;AT335
Waidring;<70419>;AT335
Westendorf;<70420>;AT335
Alpbach;<70501>;AT335
Angath;<70502>;AT335
Angerberg;<70528>;AT335
Bad Häring;<70503>;AT335
Brandenberg;<70504>;AT335
Breitenbach am Inn;<70505>;AT335
Brixlegg;<70506>;AT335
Ebbs;<70508>;AT335
Ellmau;<70509>;AT335
Erl;<70510>;AT335
Kirchbichl;<70511>;AT335
Kramsach;<70512>;AT335
Kufstein;<70513>;AT335
Kundl;<70514>;AT335
Langkampfen;<70515>;AT335
Mariastein;<70516>;AT335
Münster;<70517>;AT335
Niederndorf;<70518>;AT335
Niederndorferberg;<70519>;AT335
Radfeld;<70520>;AT335
Rattenberg;<70521>;AT335
Reith im Alpbachtal;<70522>;AT335
Rettenschöss;<70523>;AT335
Scheffau am Wilden Kaiser;<70524>;AT335
Schwoich;<70525>;AT335
Söll;<70526>;AT335
Thiersee;<70527>;AT335
Walchsee;<70529>;AT335
Wildschönau;<70530>;AT335
Wörgl;<70531>;AT335
Achenkirch;<70901>;AT335
Aschau im Zillertal;<70902>;AT335
Brandberg;<70903>;AT335
Bruck am Ziller;<70904>;AT335
Buch bei Jenbach;<70905>;AT335
Eben am Achensee;<70907>;AT335
Finkenberg;<70908>;AT335
Fügen;<70909>;AT335
Fügenberg;<70910>;AT335
Gallzein;<70911>;AT335
Gerlos;<70912>;AT335
Gerlosberg;<70913>;AT335
Hainzenberg;<70914>;AT335
Hart im Zillertal;<70915>;AT335
Hippach;<70916>;AT335
Jenbach;<70917>;AT335
Kaltenbach;<70918>;AT335
Mayrhofen;<70920>;AT335
Pill;<70921>;AT335
Ramsau im Zillertal;<70922>;AT335
Ried im Zillertal;<70923>;AT335
Rohrberg;<70924>;AT335
Schlitters;<70925>;AT335
Schwaz;<70926>;AT335
Schwendau;<70927>;AT335
Stans;<70928>;AT335
Steinberg am Rofan;<70929>;AT335
Strass im Zillertal;<70930>;AT335
Stumm;<70931>;AT335
Stummerberg;<70932>;AT335
Terfens;<70933>;AT335
Tux;<70934>;AT335
Uderns;<70935>;AT335
Vomp;<70936>;AT335
Weer;<70937>;AT335
Weerberg;<70938>;AT335
Wiesing;<70939>;AT335
Zell am Ziller;<70940>;AT335
Zellberg;<70941>;AT335
Bartholomäberg;<80101>;AT341
Blons;<80102>;AT341
Bludenz;<80103>;AT341
Bludesch;<80104>;AT341
Brand;<80105>;AT341
Bürs;<80106>;AT341
Bürserberg;<80107>;AT341
Dalaas;<80108>;AT341
Fontanella;<80109>;AT341
Gaschurn;<80110>;AT341
Innerbraz;<80111>;AT341
Klösterle;<80112>;AT341
Lech;<80113>;AT341
Lorüns;<80114>;AT341
Ludesch;<80115>;AT341
Nenzing;<80116>;AT341
Nüziders;<80117>;AT341
Raggal;<80118>;AT341
St. Anton im Montafon;<80119>;AT341
St. Gallenkirch;<80120>;AT341
St. Gerold;<80121>;AT341
Schruns;<80122>;AT341
Silbertal;<80123>;AT341
Sonntag;<80124>;AT341
Stallehr;<80125>;AT341
Thüringen;<80126>;AT341
Thüringerberg;<80127>;AT341
Tschagguns;<80128>;AT341
Vandans;<80129>;AT341
Andelsbuch;<80202>;AT341
Au;<80203>;AT341
Bezau;<80204>;AT341
Bizau;<80206>;AT341
Damüls;<80209>;AT341
Egg;<80211>;AT341
Hittisau;<80216>;AT341
Krumbach;<80221>;AT341
Langenegg;<80223>;AT341
Lingenau;<80225>;AT341
Mellau;<80227>;AT341
Mittelberg;<80228>;AT341
Reuthe;<80230>;AT341
Schnepfau;<80232>;AT341
Schoppernau;<80233>;AT341
Schröcken;<80234>;AT341
Schwarzenberg;<80236>;AT341
Sibratsgfäll;<80237>;AT341
Warth;<80239>;AT341
Alberschwende;<80201>;AT342
Bildstein;<80205>;AT342
Bregenz;<80207>;AT342
Buch;<80208>;AT342
Doren;<80210>;AT342
Eichenberg;<80212>;AT342
Fußach;<80213>;AT342
Gaißau;<80214>;AT342
Hard;<80215>;AT342
Höchst;<80217>;AT342
Hohenweiler;<80219>;AT342
Hörbranz;<80218>;AT342
Kennelbach;<80220>;AT342
Langen bei Bregenz;<80222>;AT342
Lauterach;<80224>;AT342
Lochau;<80226>;AT342
Möggers;<80229>;AT342
Riefensberg;<80231>;AT342
Schwarzach;<80235>;AT342
Sulzberg;<80238>;AT342
Wolfurt;<80240>;AT342
Dornbirn;<80301>;AT342
Hohenems;<80302>;AT342
Lustenau;<80303>;AT342
Altach;<80401>;AT342
Düns;<80402>;AT342
Dünserberg;<80403>;AT342
Feldkirch;<80404>;AT342
Frastanz;<80405>;AT342
Fraxern;<80406>;AT342
Göfis;<80407>;AT342
Götzis;<80408>;AT342
Klaus;<80409>;AT342
Koblach;<80410>;AT342
Laterns;<80411>;AT342
Mäder;<80412>;AT342
Meiningen;<80413>;AT342
Rankweil;<80414>;AT342
Röns;<80415>;AT342
Röthis;<80416>;AT342
Satteins;<80417>;AT342
Schlins;<80418>;AT342
Schnifis;<80419>;AT342
Sulz;<80420>;AT342
Übersaxen;<80421>;AT342
Viktorsberg;<80422>;AT342
Weiler;<80423>;AT342
Zwischenwasser;<80424>;AT342
